year,month,originCountry,totalCount,dollarRate,rain_sum_mm,sunshine_duration_seconds,num_rooms,consumerPriceIndex,tourists_per_room,log_totalCount,rain_category
2018,April,India,29860,157.6,3.619753086,35487.30448,35397,137.1,0.8435743142074187,10.304308560150634,Low
2018,April,United Kingdom,26063,157.6,3.619753086,35487.30448,35397,105.5,0.7363053366104472,10.168310330841827,Low
2018,April,China,17462,157.6,3.619753086,35487.30448,35397,94.22115,0.4933186428228381,9.767839635939845,Low
2018,April,Australia,14023,157.6,3.619753086,35487.30448,35397,113.0,0.39616351668220473,9.54852542660107,Low
2018,April,Germany,10803,157.6,3.619753086,35487.30448,35397,97.80779,0.30519535553860494,9.287671714912506,Low
2018,April,United States,8679,157.6,3.619753086,35487.30448,35397,114.9001057,0.24519027036189509,9.068776807654396,Low
2018,April,France,7411,157.6,3.619753086,35487.30448,35397,102.92,0.20936802553888748,8.91085558740525,Low
2018,April,Maldives,5696,157.6,3.619753086,35487.30448,35397,96.77385347,0.16091759188631805,8.647694999480395,Low
2018,April,Canada,4972,157.6,3.619753086,35487.30448,35397,133.3,0.1404638811198689,8.511778558714738,Low
2018,April,Russia,4027,157.6,3.619753086,35487.30448,35397,171.6059,0.11376670339294291,8.301025253838453,Low
2018,August,India,32115,161.4,6.745061728,33666.40904,35397,140.4,0.9072802779896602,10.377109627304575,Low
2018,August,China,26558,161.4,6.745061728,33666.40904,35397,94.93834,0.7502895725626465,10.187123952279158,Low
2018,August,United Kingdom,23643,161.4,6.745061728,33666.40904,35397,106.5,0.6679379608441394,10.07086466194426,Low
2018,August,France,11016,161.4,6.745061728,33666.40904,35397,103.78,0.3112128146453089,9.307194813340065,Low
2018,August,Germany,10809,161.4,6.745061728,33666.40904,35397,99.13593,0.30536486142893465,9.288226910633254,Low
2018,August,Australia,8239,161.4,6.745061728,33666.40904,35397,113.5,0.23275983840438455,9.016755622903517,Low
2018,August,Maldives,6880,161.4,6.745061728,33666.40904,35397,98.49068649,0.19436675424471,8.83651926920248,Low
2018,August,Saudi Arabia,6517,161.4,6.745061728,33666.40904,35397,100.0101,0.18411164787976383,8.782322859397507,Low
2018,August,Netherlands,6182,161.4,6.745061728,33666.40904,35397,104.4,0.17464756900302286,8.729558869558568,Low
2018,August,Spain,5782,161.4,6.745061728,33666.40904,35397,96.742,0.16334717631437692,8.662677858158219,Low
2018,December,India,45797,182.6,5.494444444,32904.0221,35397,140.1,1.2938102099047941,10.731995701026525,Low
2018,December,United Kingdom,26828,182.6,5.494444444,32904.0221,35397,107.1,0.7579173376274826,10.197238671014292,Low
2018,December,China,18283,182.6,5.494444444,32904.0221,35397,95.47623,0.5165126988162838,9.813781639451635,Low
2018,December,Germany,16624,182.6,5.494444444,32904.0221,35397,98.85133,0.46964432014012486,9.718662865524054,Low
2018,December,Australia,14961,182.6,5.494444444,32904.0221,35397,114.1,0.4226629375370794,9.61326893243235,Low
2018,December,Maldives,12054,182.6,5.494444444,32904.0221,35397,97.20175936,0.3405373336723451,9.397234790615272,Low
2018,December,Russia,11258,182.6,5.494444444,32904.0221,35397,176.8183,0.3180495522219397,9.32892308780313,Low
2018,December,France,9475,182.6,5.494444444,32904.0221,35397,103.47,0.2676780518123005,9.156517565278676,Low
2018,December,United States,8848,182.6,5.494444444,32904.0221,35397,115.2151631,0.24996468627284799,9.08805973726735,Low
2018,December,Sweden,6834,182.6,5.494444444,32904.0221,35397,331.87,0.19306720908551572,8.82981174915805,Low
2018,February,China,35929,154.95,4.975,34864.7129,35397,95.47623,1.0150295222758992,10.489327880107565,Low
2018,February,India,32914,154.95,4.975,34864.7129,35397,136.4,0.9298528123852304,10.401683759901976,Low
2018,February,United Kingdom,23817,154.95,4.975,34864.7129,35397,104.9,0.6728536316637003,10.078196876327942,Low
2018,February,Germany,17066,154.95,4.975,34864.7129,35397,97.04886,0.4821312540610786,9.744902053418757,Low
2018,February,France,16871,154.95,4.975,34864.7129,35397,101.72,0.47662231262536375,9.733410722158611,Low
2018,February,Russia,11043,154.95,4.975,34864.7129,35397,170.4619,0.3119755911517925,9.309642573050045,Low
2018,February,United States,5984,154.95,4.975,34864.7129,35397,114.1869845,0.1690538746221431,8.697011617992073,Low
2018,February,Australia,5693,154.95,4.975,34864.7129,35397,112.6,0.16083283894115322,8.647168267837984,Low
2018,February,Japan,5263,154.95,4.975,34864.7129,35397,99.5,0.14868491680085882,8.568646473005153,Low
2018,February,Ukraine,5138,154.95,4.975,34864.7129,35397,245.5,0.14515354408565698,8.54461378699223,Low
2018,January,India,37936,153.9,4.943518519,34796.17889,35397,136.9,1.07172924259118,10.54368216814334,Low
2018,January,China,24275,153.9,4.943518519,34796.17889,35397,94.3108,0.6857925812921999,10.097243486955746,Low
2018,January,United Kingdom,22940,153.9,4.943518519,34796.17889,35397,104.5,0.6480775206938441,10.040680981712335,Low
2018,January,Germany,15298,153.9,4.943518519,34796.17889,35397,96.76426,0.4321835183772636,9.63554274576738,Low
2018,January,France,12221,153.9,4.943518519,34796.17889,35397,101.75,0.34525524761985477,9.410992885454862,Low
2018,January,Russia,11569,153.9,4.943518519,34796.17889,35397,170.1047,0.3268356075373619,9.356170820187723,Low
2018,January,Australia,9452,153.9,4.943518519,34796.17889,35397,112.6,0.26702827923270334,9.154087430425385,Low
2018,January,United States,7501,153.9,4.943518519,34796.17889,35397,113.6715194,0.2119106138938328,8.922924930641832,Low
2018,January,Ukraine,6636,153.9,4.943518519,34796.17889,35397,243.3,0.187473514704636,8.800415333145924,Low
2018,January,Maldives,6124,153.9,4.943518519,34796.17889,35397,98.37446639,0.17300901206316918,8.720134035412928,Low
2018,July,India,31032,159.55,7.309567901,32715.23833,35397,139.8,0.8766844647851513,10.342806433400801,Low
2018,July,China,27460,159.55,7.309567901,32715.23833,35397,94.3108,0.7757719580755431,10.220522095264865,Low
2018,July,United Kingdom,25186,159.55,7.309567901,32715.23833,35397,105.9,0.711529225640591,10.134083267375377,Low
2018,July,Netherlands,13342,159.55,7.309567901,32715.23833,35397,104.28,0.376924598129785,9.49874718174242,Low
2018,July,France,11301,159.55,7.309567901,32715.23833,35397,103.28,0.3192643444359691,9.33273498018979,Low
2018,July,Germany,10825,159.55,7.309567901,32715.23833,35397,99.04106,0.3058168771364805,9.289705927356923,Low
2018,July,Australia,8801,159.55,7.309567901,32715.23833,35397,113.5,0.24863689013193208,9.082734247371036,Low
2018,July,Saudi Arabia,8409,159.55,7.309567901,32715.23833,35397,100.1513,0.23756250529705908,9.037176752966994,Low
2018,July,United States,7164,159.55,7.309567901,32715.23833,35397,115.56966,0.2023900330536486,8.876963340262272,Low
2018,July,Maldives,6348,159.55,7.309567901,32715.23833,35397,97.15409886,0.1793372319688109,8.75605259917045,Low
2018,June,India,32971,158.2,9.765432099,30681.63728,35397,138.5,0.9314631183433625,10.403413995433118,Low
2018,June,China,20424,158.2,9.765432099,30681.63728,35397,94.04185,0.5769980506822612,9.924514919728203,Low
2018,June,United Kingdom,12104,158.2,9.765432099,30681.63728,35397,105.9,0.34194988275842586,9.40137386937216,Low
2018,June,Australia,9997,158.2,9.765432099,30681.63728,35397,113.0,0.2824250642709834,9.210140351973516,Low
2018,June,Germany,5792,158.2,9.765432099,30681.63728,35397,98.6616,0.16362968613159307,8.664405571096625,Low
2018,June,Saudi Arabia,5422,158.2,9.765432099,30681.63728,35397,100.2925,0.15317682289459558,8.59840444684106,Low
2018,June,Maldives,5362,158.2,9.765432099,30681.63728,35397,96.62776629,0.1514817639912987,8.587278798982926,Low
2018,June,United States,4979,158.2,9.765432099,30681.63728,35397,115.5618638,0.14066163799192022,8.513185170018698,Low
2018,June,Canada,4676,158.2,9.765432099,30681.63728,35397,133.6,0.13210159053027093,8.450412157725886,Low
2018,June,France,3688,158.2,9.765432099,30681.63728,35397,103.37,0.10418962058931548,8.213110697596676,Low
2018,March,India,30583,155.6,6.385802469,34414.23083,35397,136.5,0.8639997739921462,10.328232275376248,Low
2018,March,United Kingdom,30366,155.6,6.385802469,34414.23083,35397,105.1,0.8578693109585558,10.321111771468102,Low
2018,March,Germany,24423,155.6,6.385802469,34414.23083,35397,97.61806,0.6899737265869988,10.103321534414714,Low
2018,March,China,21101,155.6,6.385802469,34414.23083,35397,94.40044,0.5961239653077944,9.957123101702038,Low
2018,March,France,14818,155.6,6.385802469,34414.23083,35397,102.75,0.4186230471508885,9.603665420190179,Low
2018,March,United States,9701,155.6,6.385802469,34414.23083,35397,114.4451757,0.27406277368138543,9.180087328805161,Low
2018,March,Russia,9089,155.6,6.385802469,34414.23083,35397,170.9562,0.25677317286775714,9.114930187171524,Low
2018,March,Australia,8932,155.6,6.385802469,34414.23083,35397,112.6,0.2523377687374636,9.09750756370184,Low
2018,March,Maldives,7239,155.6,6.385802469,34414.23083,35397,98.43439572,0.20450885668276972,8.887376485379763,Low
2018,March,Canada,5113,155.6,6.385802469,34414.23083,35397,132.9,0.1444472695426166,8.539737155851132,Low
2018,May,India,42073,158.15,7.212962963,31987.29515,35397,137.8,1.1886035539735005,10.647185251693974,Low
2018,May,China,17103,158.15,7.212962963,31987.29515,35397,94.04185,0.48317654038477836,9.747067633264827,Low
2018,May,United Kingdom,9337,158.15,7.212962963,31987.29515,35397,105.9,0.26377941633471763,9.141847375530883,Low
2018,May,Germany,6906,158.15,7.212962963,31987.29515,35397,98.56673,0.195101279769472,8.840290669088972,Low
2018,May,Australia,4873,158.15,7.212962963,31987.29515,35397,113.0,0.13766703392942906,8.491670234185152,Low
2018,May,Maldives,4343,158.15,7.212962963,31987.29515,35397,96.43808138,0.12269401361697319,8.37655086161377,Low
2018,May,Japan,4229,158.15,7.212962963,31987.29515,35397,99.3,0.1194734017007091,8.349957272040324,Low
2018,May,United States,4123,158.15,7.212962963,31987.29515,35397,115.3779657,0.11647879763821793,8.32457884513685,Low
2018,May,France,3721,158.15,7.212962963,31987.29515,35397,103.36,0.10512190298612877,8.222016437202196,Low
2018,May,Canada,3297,158.15,7.212962963,31987.29515,35397,133.4,0.09314348673616409,8.101071503119543,Low
2018,November,India,39137,178.5,3.331790123,34673.09037,35397,140.8,1.1056586716388395,10.574849141024151,Low
2018,November,United Kingdom,21971,178.5,3.331790123,34673.09037,35397,106.9,0.6207023194055994,9.99752419446251,Low
2018,November,China,18888,178.5,3.331790123,34673.09037,35397,95.38658,0.5336045427578608,9.84633502103182,Low
2018,November,Germany,18754,178.5,3.331790123,34673.09037,35397,98.85133,0.5298189112071644,9.839215662515988,Low
2018,November,Australia,10299,178.5,3.331790123,34673.09037,35397,114.1,0.2909568607509111,9.239899174217728,Low
2018,November,Russia,8090,178.5,3.331790123,34673.09037,35397,175.3454,0.22855044212786393,8.99850761180784,Low
2018,November,Maldives,7418,178.5,3.331790123,34673.09037,35397,97.45706624,0.2095657824109388,8.911799556189527,Low
2018,November,France,6825,178.5,3.331790123,34673.09037,35397,103.45,0.19281295025002118,8.828494129466652,Low
2018,November,United States,5799,178.5,3.331790123,34673.09037,35397,115.5843352,0.16382744300364438,8.66561319653451,Low
2018,November,Switzerland,3531,178.5,3.331790123,34673.09037,35397,100.9228,0.09975421645902195,8.16961956172385,Low
2018,October,India,38169,175.3,4.783333333,33460.75747,35397,140.6,1.0783117213323163,10.549805145739276,Low
2018,October,China,18882,175.3,4.783333333,33460.75747,35397,95.74518,0.5334350368675311,9.846017325381577,Low
2018,October,United Kingdom,17673,175.3,4.783333333,33460.75747,35397,106.7,0.49927959996609883,9.77984991207795,Low
2018,October,Germany,9920,175.3,4.783333333,33460.75747,35397,99.5154,0.28024973867841907,9.202409001649903,Low
2018,October,Australia,6912,175.3,4.783333333,33460.75747,35397,114.1,0.1952707856598017,8.841158975945264,Low
2018,October,Maldives,5223,175.3,4.783333333,33460.75747,35397,97.38290027,0.14755487753199423,8.561018670956267,Low
2018,October,France,4784,175.3,4.783333333,33460.75747,35397,103.67,0.13515269655620532,8.473241303887054,Low
2018,October,United States,3714,175.3,4.783333333,33460.75747,35397,115.9727684,0.10492414611407747,8.220133957151859,Low
2018,October,Netherlands,3222,175.3,4.783333333,33460.75747,35397,104.32,0.09102466310704296,8.078067881815437,Low
2018,October,Russia,3096,175.3,4.783333333,33460.75747,35397,174.473,0.0874650394101195,8.038189179973203,Low
2018,September,India,32300,169.0,6.894753086,29759.55802,35397,140.2,0.9125067096081588,10.382853468483827,Low
2018,September,China,19600,169.0,6.894753086,29759.55802,35397,95.56588,0.5537192417436506,9.883335864325275,Low
2018,September,United Kingdom,14226,169.0,6.894753086,29759.55802,35397,106.6,0.40189846597169254,9.562896846651167,Low
2018,September,Germany,9668,169.0,6.894753086,29759.55802,35397,99.32567,0.2731304912845721,9.176680170483548,Low
2018,September,Australia,8746,169.0,6.894753086,29759.55802,35397,113.5,0.24708308613724328,9.076466063419854,Low
2018,September,Maldives,4695,169.0,6.894753086,29759.55802,35397,97.82405402,0.1326383591829816,8.454466361507933,Low
2018,September,Japan,4480,169.0,6.894753086,29759.55802,35397,99.9,0.12656439811283443,8.407601514786142,Low
2018,September,United States,4406,169.0,6.894753086,29759.55802,35397,115.7682333,0.12447382546543492,8.390949464841986,Low
2018,September,France,4316,169.0,6.894753086,29759.55802,35397,103.56,0.12193123711048959,8.370315995555478,Low
2018,September,Netherlands,4049,169.0,6.894753086,29759.55802,35397,103.95,0.11438822499081844,8.306472160100585,Low
2019,April,United Kingdom,24718,176.0,5.728395062,34897.33883,40365,107.6,0.6123621949708906,10.115327457678946,Low
2019,April,India,23431,176.0,5.728395062,34897.33883,40365,141.2,0.5804781369998762,10.06185788850757,Low
2019,April,Germany,16930,176.0,5.728395062,34897.33883,40365,99.8,0.4194227672488542,9.736901540128232,Low
2019,April,China,14263,176.0,5.728395062,34897.33883,40365,96.64167,0.3533506750898055,9.565494159542977,Low
2019,April,Australia,9565,176.0,5.728395062,34897.33883,40365,114.8,0.23696271522358478,9.165970424240243,Low
2019,April,France,9148,176.0,5.728395062,34897.33883,40365,104.22,0.2266319831537223,9.121399862679535,Low
2019,April,United States,4810,176.0,5.728395062,34897.33883,40365,117.1940171,0.11916264090177134,8.478660241699453,Low
2019,April,Maldives,4655,176.0,5.728395062,34897.33883,40365,97.61509898,0.11532268054007185,8.445911989411274,Low
2019,April,Switzerland,4531,176.0,5.728395062,34897.33883,40365,101.5173,0.11225071225071225,8.418918622147897,Low
2019,April,Canada,3741,176.0,5.728395062,34897.33883,40365,136.0,0.09267930137495355,8.227375506834035,Low
2019,August,India,37568,179.2,3.961111111,36249.0525,40365,145.0,0.9307072959246873,10.533934521232142,Low
2019,August,United Kingdom,14132,179.2,3.961111111,36249.0525,40365,108.3,0.35010528923572404,9.556267767368151,Low
2019,August,China,9503,179.2,3.961111111,36249.0525,40365,97.62781,0.235426731078905,9.159468041602427,Low
2019,August,Germany,7667,179.2,3.961111111,36249.0525,40365,100.5589,0.18994178124612907,8.944811104165534,Low
2019,August,France,7087,179.2,3.961111111,36249.0525,40365,104.86,0.17557289731202774,8.866158492284917,Low
2019,August,Australia,5985,179.2,3.961111111,36249.0525,40365,115.4,0.14827201783723523,8.697178688412643,Low
2019,August,Maldives,4930,179.2,3.961111111,36249.0525,40365,98.07236877,0.12213551343986126,8.503297086224126,Low
2019,August,United States,4686,179.2,3.961111111,36249.0525,40365,117.657202,0.11609067261241174,8.452547997922705,Low
2019,August,Spain,4419,179.2,3.961111111,36249.0525,40365,97.059,0.10947603121516165,8.393894975071744,Low
2019,August,Canada,4052,179.2,3.961111111,36249.0525,40365,136.8,0.10038399603616995,8.307212626628308,Low
2019,December,India,48442,181.3,4.839197531,36144.59463,40365,150.4,1.2000990957512696,10.788143128036669,Low
2019,December,United Kingdom,20984,181.3,4.839197531,36144.59463,40365,108.5,0.519856311160659,9.951563175767692,Low
2019,December,Russia,17559,181.3,4.839197531,36144.59463,40365,182.2084,0.43500557413600893,9.773378867189107,Low
2019,December,China,16648,181.3,4.839197531,36144.59463,40365,99.68974,0.41243651678434284,9.720105433544852,Low
2019,December,Australia,14467,181.3,4.839197531,36144.59463,40365,116.2,0.3584045584045584,9.579694593071988,Low
2019,December,Germany,12349,181.3,4.839197531,36144.59463,40365,100.3692,0.3059333581072711,9.421411342056123,Low
2019,December,United States,12302,181.3,4.839197531,36144.59463,40365,117.8479791,0.3047689830298526,9.41759841406017,Low
2019,December,Maldives,9033,181.3,4.839197531,36144.59463,40365,98.45511053,0.22378298030471944,9.108750516214549,Low
2019,December,France,6824,181.3,4.839197531,36144.59463,40365,104.98,0.16905735166604732,8.82834762005316,Low
2019,December,Canada,6512,181.3,4.839197531,36144.59463,40365,136.4,0.1613278830670135,8.781555458546402,Low
2019,February,India,32286,179.9,2.5,34265.27735,40365,139.9,0.7998513563730955,10.382419951415045,Low
2019,February,United Kingdom,29750,179.9,2.5,34265.27735,40365,106.8,0.7370246500681283,10.300618023854234,Low
2019,February,China,28039,179.9,2.5,34265.27735,40365,96.91061,0.6946364424625294,10.241387341148526,Low
2019,February,France,17295,179.9,2.5,34265.27735,40365,103.06,0.4284652545522111,9.758230539878989,Low
2019,February,Germany,17268,179.9,2.5,34265.27735,40365,98.47186,0.4277963582311408,9.75666826558467,Low
2019,February,Russia,13008,179.9,2.5,34265.27735,40365,179.39,0.32225938312894836,9.473396704601559,Low
2019,February,United States,9678,179.9,2.5,34265.27735,40365,115.9227811,0.2397621701969528,9.17771386914909,Low
2019,February,Australia,8810,179.9,2.5,34265.27735,40365,114.1,0.21825839217143564,9.08375621986673,Low
2019,February,Canada,6469,179.9,2.5,34265.27735,40365,134.5,0.16026260374086462,8.774931387494947,Low
2019,February,Italy,5363,179.9,2.5,34265.27735,40365,102.5,0.13286262851480243,8.587465244401569,Low
2019,January,India,40049,178.15,4.175925926,37253.27466,40365,139.6,0.9921714356496966,10.597883952496506,Low
2019,January,China,26414,178.15,4.175925926,37253.27466,40365,95.92448,0.6543787935092283,10.181687309598416,Low
2019,January,United Kingdom,26036,178.15,4.175925926,37253.27466,40365,106.4,0.645014245014245,10.167273882312355,Low
2019,January,Germany,14027,178.15,4.175925926,37253.27466,40365,98.09239,0.3475040257648953,9.548810611260068,Low
2019,January,Russia,13474,178.15,4.175925926,37253.27466,40365,178.6042,0.3338040381518642,9.508591395777199,Low
2019,January,France,11892,178.15,4.175925926,37253.27466,40365,103.01,0.294611668524712,9.383705270727246,Low
2019,January,Australia,10368,178.15,4.175925926,37253.27466,40365,114.1,0.2568561872909699,9.246575864558277,Low
2019,January,United States,7849,178.15,4.175925926,37253.27466,40365,115.434832,0.1944506379288988,8.968268810776454,Low
2019,January,Ukraine,6481,178.15,4.175925926,37253.27466,40365,265.7,0.1605598909946736,8.776784383701493,Low
2019,January,Italy,6433,178.15,4.175925926,37253.27466,40365,102.4,0.15937074197943762,8.769351707798972,Low
2019,July,India,18309,176.3,3.223765432,36822.61417,40365,144.2,0.45358602749907095,9.815202637668557,Low
2019,July,United Kingdom,13010,176.3,3.223765432,36822.61417,40365,108.0,0.3223089310045832,9.473550432503476,Low
2019,July,Germany,8385,176.3,3.223765432,36822.61417,40365,100.7487,0.20772946859903382,9.034318927730707,Low
2019,July,France,7142,176.3,3.223765432,36822.61417,40365,104.38,0.17693546389198564,8.873888135154973,Low
2019,July,China,6926,176.3,3.223765432,36822.61417,40365,96.91061,0.17158429332342376,8.843182098022606,Low
2019,July,Netherlands,6385,176.3,3.223765432,36822.61417,40365,106.9,0.15818159296420167,8.761863373274727,Low
2019,July,Australia,5619,176.3,3.223765432,36822.61417,40365,115.4,0.13920475659606094,8.634086942887738,Low
2019,July,Maldives,3875,176.3,3.223765432,36822.61417,40365,97.44848362,0.0959990090424873,8.262558973010657,Low
2019,July,Canada,3826,176.3,3.223765432,36822.61417,40365,137.0,0.09478508608943391,8.249836485425702,Low
2019,July,Switzerland,3421,176.3,3.223765432,36822.61417,40365,101.2735,0.0847516412733804,8.137980454452139,Low
2019,June,India,15048,176.4,3.691358025,36037.41997,40365,142.9,0.37279821627647713,9.619066822786719,Low
2019,June,Australia,4410,176.4,3.691358025,36037.41997,40365,114.8,0.10925306577480491,8.39185670010494,Low
2019,June,United Kingdom,4365,176.4,3.691358025,36037.41997,40365,107.9,0.10813823857302118,8.38160253710989,Low
2019,June,China,3496,176.4,3.691358025,36037.41997,40365,96.55202,0.08660968660968661,8.159660737063376,Low
2019,June,Maldives,3350,176.4,3.691358025,36037.41997,40365,98.16091913,0.08299269168834386,8.11701408773731,Low
2019,June,Germany,3312,176.4,3.691358025,36037.41997,40365,100.2743,0.08205128205128205,8.105609402299896,Low
2019,June,Canada,2827,176.4,3.691358025,36037.41997,40365,136.3,0.07003592220983525,7.947325027016463,Low
2019,June,United States,2412,176.4,3.691358025,36037.41997,40365,117.4668834,0.05975473801560758,7.7886260656250315,Low
2019,June,France,1989,176.4,3.691358025,36037.41997,40365,104.58,0.04927536231884058,7.595889917718538,Low
2019,June,Saudi Arabia,1500,176.4,3.691358025,36037.41997,40365,97.69,0.03716090672612412,7.313886831633462,Low
2019,March,India,34812,175.35,5.042592593,35514.76355,40365,140.4,0.8624303232998886,10.45774615922359,Low
2019,March,United Kingdom,29682,175.35,5.042592593,35514.76355,40365,107.0,0.735340022296544,10.298329770340379,Low
2019,March,China,23759,175.35,5.042592593,35514.76355,40365,96.55202,0.5886039886039887,10.075758773476581,Low
2019,March,Germany,18134,175.35,5.042592593,35514.76355,40365,98.85133,0.44925058838102316,9.805599051717003,Low
2019,March,France,13957,175.35,5.042592593,35514.76355,40365,103.89,0.3457698501176762,9.543808099577097,Low
2019,March,Russia,12705,175.35,5.042592593,35514.76355,40365,179.9641,0.3147528799702713,9.449829601826478,Low
2019,March,United States,12543,175.35,5.042592593,35514.76355,40365,116.5767431,0.31073950204384987,9.436997742590188,Low
2019,March,Australia,11441,175.35,5.042592593,35514.76355,40365,114.1,0.28343862256905733,9.345046074828474,Low
2019,March,Maldives,7802,175.35,5.042592593,35514.76355,40365,97.22179459,0.19328626285148023,8.962263554116761,Low
2019,March,Canada,6011,175.35,5.042592593,35514.76355,40365,135.4,0.14891614022048805,8.701512750872865,Low
2019,May,India,11246,176.2,4.412037037,35270.97617,40365,142.0,0.27860770469466123,9.327856705404022,Low
2019,May,United Kingdom,2953,176.2,4.412037037,35270.97617,40365,107.9,0.07315743837482967,7.9909154630913255,Low
2019,May,Australia,2485,176.2,4.412037037,35270.97617,40365,114.8,0.061563235476278955,7.818430272070656,Low
2019,May,Germany,1767,176.2,4.412037037,35270.97617,40365,99.98973,0.04377554812337421,7.477604243197589,Low
2019,May,Maldives,1610,176.2,4.412037037,35270.97617,40365,97.92270183,0.039886039886039885,7.384610383176974,Low
2019,May,China,1589,176.2,4.412037037,35270.97617,40365,96.64167,0.03936578719187415,7.371489295214277,Low
2019,May,Canada,1575,176.2,4.412037037,35270.97617,40365,136.6,0.03901895206243032,7.362645270417825,Low
2019,May,United States,1398,176.2,4.412037037,35270.97617,40365,117.4434949,0.03463396506874768,7.243512974665482,Low
2019,May,France,1120,176.2,4.412037037,35270.97617,40365,104.33,0.027746810355506007,7.02197642307216,Low
2019,May,Russia,844,176.2,4.412037037,35270.97617,40365,181.1034,0.02090920351789917,6.739336627357174,Low
2019,November,India,31677,180.85,6.353395062,35610.51389,40365,148.6,0.7847640282422891,10.363377712622366,Low
2019,November,Germany,20844,180.85,6.353395062,35610.51389,40365,99.89487,0.5163879598662208,9.944869390314897,Low
2019,November,China,16312,180.85,6.353395062,35610.51389,40365,99.68974,0.40411247367769104,9.699717614936302,Low
2019,November,United Kingdom,16038,180.85,6.353395062,35610.51389,40365,108.5,0.39732441471571905,9.682778535337379,Low
2019,November,Russia,14537,180.85,6.353395062,35610.51389,40365,181.5548,0.36013873405177754,9.584521190044581,Low
2019,November,Australia,7067,180.85,6.353395062,35610.51389,40365,116.2,0.17507741855567943,8.863332833439587,Low
2019,November,Maldives,5850,180.85,6.353395062,35610.51389,40365,97.98583349,0.14492753623188406,8.674367865788236,Low
2019,November,France,4857,180.85,6.353395062,35610.51389,40365,104.52,0.12032701597918989,8.488382109562117,Low
2019,November,Ukraine,4770,180.85,6.353395062,35610.51389,40365,274.3,0.11817168338907469,8.470311205516108,Low
2019,November,United States,4514,180.85,6.353395062,35610.51389,40365,117.9552912,0.11182955530781617,8.415160465851086,Low
2019,October,India,33217,181.05,5.179938272,35425.04586,40365,147.2,0.8229158924811099,10.410847176658944,Low
2019,October,China,11683,181.05,5.179938272,35425.04586,40365,99.33114,0.28943391552087205,9.365975663507632,Low
2019,October,United Kingdom,8763,181.05,5.179938272,35425.04586,40365,108.3,0.2170940170940171,9.078407700715356,Low
2019,October,Germany,7820,181.05,5.179938272,35425.04586,40365,100.6538,0.19373219373219372,8.964567702601611,Low
2019,October,Russia,5761,181.05,5.179938272,35425.04586,40365,181.0478,0.14272265576613402,8.659039915644474,Low
2019,October,Australia,5562,181.05,5.179938272,35425.04586,40365,116.2,0.13779264214046824,8.623892810075294,Low
2019,October,Maldives,3934,181.05,5.179938272,35425.04586,40365,98.11434567,0.09746067137371485,8.277666160851503,Low
2019,October,France,3383,181.05,5.179938272,35425.04586,40365,104.46,0.0838102316363186,8.126813720726114,Low
2019,October,United States,2836,181.05,5.179938272,35425.04586,40365,118.0185778,0.070258887650192,7.950502434808851,Low
2019,October,Ukraine,2655,181.05,5.179938272,35425.04586,40365,274.1,0.06577480490523968,7.884576510596324,Low
2019,September,India,28917,182.0,7.780246914,34288.09336,40365,145.8,0.7163879598662207,10.272219517588072,Low
2019,September,China,9231,182.0,7.780246914,34288.09336,40365,98.43465,0.22868821999256783,9.13043098874788,Low
2019,September,United Kingdom,8322,182.0,7.780246914,34288.09336,40365,108.4,0.2061687105165366,9.026778045746095,Low
2019,September,Australia,6895,182.0,7.780246914,34288.09336,40365,115.4,0.17081630125108385,8.83869681234353,Low
2019,September,Germany,6396,182.0,7.780246914,34288.09336,40365,100.5589,0.15845410628019324,8.763584409450138,Low
2019,September,Maldives,4304,182.0,7.780246914,34288.09336,40365,97.84342589,0.1066270283661588,8.367532416861831,Low
2019,September,France,2928,182.0,7.780246914,34288.09336,40365,104.5,0.07253808992939428,7.982416346827733,Low
2019,September,United States,2830,182.0,7.780246914,34288.09336,40365,117.7493803,0.0701102440232875,7.9483852851118995,Low
2019,September,Netherlands,2673,182.0,7.780246914,34288.09336,40365,106.7,0.06622073578595318,7.891330757661889,Low
2019,September,Canada,2438,182.0,7.780246914,34288.09336,40365,136.2,0.0603988603988604,7.79934339821592,Low
2020,February,India,35309,181.85,7.026234568,32998.58244,42750,149.1,0.8259415204678363,10.471921488922431,Low
2020,February,United Kingdom,26348,181.85,7.026234568,32998.58244,42750,108.6,0.616327485380117,10.179185602585227,Low
2020,February,Russia,20948,181.85,7.026234568,32998.58244,42750,183.5409,0.49001169590643273,9.949846191514146,Low
2020,February,Germany,16405,181.85,7.026234568,32998.58244,42750,100.1,0.38374269005847955,9.705402400562695,Low
2020,February,France,11430,181.85,7.026234568,32998.58244,42750,104.53,0.2673684210526316,9.344084242025778,Low
2020,February,Australia,9578,181.85,7.026234568,32998.58244,42750,116.6,0.224046783625731,9.167328481382892,Low
2020,February,United States,7803,181.85,7.026234568,32998.58244,42750,118.6294315,0.18252631578947368,8.962391701743002,Low
2020,February,Ukraine,6072,181.85,7.026234568,32998.58244,42750,273.5,0.14203508771929824,8.711607995897575,Low
2020,February,Canada,5482,181.85,7.026234568,32998.58244,42750,137.4,0.12823391812865498,8.609407675404048,Low
2020,February,Poland,4693,181.85,7.026234568,32998.58244,42750,133.7,0.10977777777777778,8.454040376410969,Low
2020,January,India,41448,181.35,2.995679012,35922.32025,42750,150.2,0.9695438596491228,10.632219034820066,Low
2020,January,China,22363,181.35,2.995679012,35922.32025,42750,101.1241,0.5231111111111111,10.015207802146536,Low
2020,January,United Kingdom,21138,181.35,2.995679012,35922.32025,42750,108.3,0.4944561403508772,9.958874954615686,Low
2020,January,Russia,19616,181.35,2.995679012,35922.32025,42750,182.9372,0.4588538011695906,9.884151816229386,Low
2020,January,Germany,11494,181.35,2.995679012,35922.32025,42750,99.8,0.2688654970760234,9.349667437197281,Low
2020,January,France,9352,181.35,2.995679012,35922.32025,42750,104.54,0.21876023391812865,9.143452426434552,Low
2020,January,Ukraine,8549,181.35,2.995679012,35922.32025,42750,274.3,0.1999766081871345,9.053686561930807,Low
2020,January,Australia,8115,181.35,2.995679012,35922.32025,42750,116.6,0.18982456140350878,9.001592700945706,Low
2020,January,United States,7494,181.35,2.995679012,35922.32025,42750,118.3052021,0.1752982456140351,8.921991410536698,Low
2020,January,Poland,5577,181.35,2.995679012,35922.32025,42750,132.8,0.1304561403508772,8.626585568187433,Low
2020,March,India,12600,189.0,4.427160494,34802.30929,42750,148.6,0.29473684210526313,9.441531454869693,Low
2020,March,Russia,8833,189.0,4.427160494,34802.30929,42750,184.5504,0.20661988304093568,9.086363192156472,Low
2020,March,United Kingdom,7969,189.0,4.427160494,34802.30929,42750,108.6,0.1864093567251462,8.98343977178426,Low
2020,March,Germany,6608,189.0,4.427160494,34802.30929,42750,100.3,0.15457309941520467,8.796187635470453,Low
2020,March,France,4056,189.0,4.427160494,34802.30929,42750,104.59,0.09487719298245614,8.308199063206446,Low
2020,March,Australia,2590,189.0,4.427160494,34802.30929,42750,116.6,0.06058479532163743,7.85979918056211,Low
2020,March,Maldives,2183,189.0,4.427160494,34802.30929,42750,97.22341598,0.05106432748538012,7.688913336864796,Low
2020,March,Ukraine,2155,189.0,4.427160494,34802.30929,42750,275.7,0.050409356725146195,7.6760099320288875,Low
2020,March,China,1688,189.0,4.427160494,34802.30929,42750,100.6759,0.03948538011695906,7.4318919168078,Low
2020,March,Poland,1638,189.0,4.427160494,34802.30929,42750,134.0,0.03831578947368421,7.40184157874383,Low
2021,April,India,796,197.0,7.958950617,31354.17698,47337,157.8,0.0168155987916429,6.680854678790215,Low
2021,April,China,475,197.0,7.958950617,31354.17698,47337,100.7,0.010034433952299469,6.16541785423142,Low
2021,April,Kazakhstan,440,197.0,7.958950617,31354.17698,47337,213.4520549,0.009295054608445825,6.089044875446846,Low
2021,April,Germany,383,197.0,7.958950617,31354.17698,47337,102.4,0.008090922534169888,5.950642552587727,Low
2021,April,United Kingdom,334,197.0,7.958950617,31354.17698,47337,110.4,0.007055791452774785,5.814130531825066,Low
2021,April,United States,248,197.0,7.958950617,31354.17698,47337,122.4706554,0.005239030779305829,5.517452896464707,Low
2021,April,Russia,173,197.0,7.958950617,31354.17698,47337,196.3534,0.0036546464710480175,5.159055299214529,Low
2021,April,Canada,144,197.0,7.958950617,31354.17698,47337,140.3,0.003042017871854997,4.976733742420574,Low
2021,April,Switzerland,93,197.0,7.958950617,31354.17698,47337,100.7675,0.0019646365422396855,4.543294782270004,Low
2021,April,France,84,197.0,7.958950617,31354.17698,47337,105.86,0.0017745104252487483,4.442651256490317,Low
2021,August,Canada,594,199.0,9.669753086,34096.43108,47337,142.6,0.012548323721401864,6.38856140554563,Low
2021,August,Germany,515,199.0,9.669753086,34096.43108,47337,103.5,0.010879438916703635,6.246106765481563,Low
2021,August,United Kingdom,489,199.0,9.669753086,34096.43108,47337,112.1,0.010330185689840928,6.194405391104672,Low
2021,August,Pakistan,456,199.0,9.669753086,34096.43108,47337,147.6061868,0.009633056594207491,6.124683390894205,Low
2021,August,India,405,199.0,9.669753086,34096.43108,47337,162.9,0.00855567526459218,6.0063531596017325,Low
2021,August,Maldives,341,199.0,9.669753086,34096.43108,47337,97.33532945,0.007203667321545514,5.834810737062605,Low
2021,August,United States,311,199.0,9.669753086,34096.43108,47337,125.4575097,0.00656991359824239,5.7430031878094825,Low
2021,August,France,248,199.0,9.669753086,34096.43108,47337,107.05,0.005239030779305829,5.517452896464707,Low
2021,August,Russia,247,199.0,9.669753086,34096.43108,47337,200.1283,0.005217905655195724,5.5134287461649825,Low
2021,August,China,178,199.0,9.669753086,34096.43108,47337,100.6,0.003760272091598538,5.187385805840755,Low
2021,December,India,23566,202.75,5.832407407,34073.89753,47337,166.1,0.49783467477871435,10.067602707388096,Low
2021,December,Russia,10793,202.75,5.832407407,34073.89753,47337,207.2033,0.22800346452035405,9.286745703178589,Low
2021,December,United Kingdom,8493,202.75,5.832407407,34073.89753,47337,114.7,0.17941567906711453,9.047115310873217,Low
2021,December,Germany,5875,202.75,5.832407407,34073.89753,47337,104.7,0.12411010414686187,8.678631537293768,Low
2021,December,Ukraine,3562,202.75,5.832407407,34073.89753,47337,316.2,0.07524769208019097,8.178358165605836,Low
2021,December,Australia,3129,202.75,5.832407407,34073.89753,47337,121.3,0.06610051334051588,8.048788283534199,Low
2021,December,France,3021,202.75,5.832407407,34073.89753,47337,107.85,0.06381899993662463,8.013674142832684,Low
2021,December,Maldives,2896,202.75,5.832407407,34073.89753,47337,97.16848802,0.06117835942286161,7.9714309977693505,Low
2021,December,United States,2884,202.75,5.832407407,34073.89753,47337,127.8582746,0.06092485793354036,7.9672801789422,Low
2021,December,Kazakhstan,2462,202.75,5.832407407,34073.89753,47337,226.266,0.05201005555907641,7.809135398120538,Low
2021,February,Kazakhstan,1231,194.0,4.911419753,34989.41549,47337,211.234,0.026005027779538205,7.116394144093465,Low
2021,February,Ukraine,845,194.0,4.911419753,34989.41549,47337,294.1,0.017850729873038006,6.740519359606223,Low
2021,February,Germany,245,194.0,4.911419753,34989.41549,47337,101.6,0.005175655406975516,5.5053315359323625,Low
2021,February,Russia,119,194.0,4.911419753,34989.41549,47337,193.9411,0.0025138897691023934,4.787491742782046,Low
2021,February,China,117,194.0,4.911419753,34989.41549,47337,101.5,0.0024716395208821853,4.770684624465665,Low
2021,February,India,79,194.0,4.911419753,34989.41549,47337,156.6,0.0016688848046982276,4.382026634673881,Low
2021,February,United Kingdom,79,194.0,4.911419753,34989.41549,47337,109.4,0.0016688848046982276,4.382026634673881,Low
2021,February,United States,75,194.0,4.911419753,34989.41549,47337,120.6179161,0.001584384308257811,4.330733340286331,Low
2021,February,Canada,71,194.0,4.911419753,34989.41549,47337,138.9,0.0014998838118173944,4.276666119016055,Low
2021,February,Belarus,44,194.0,4.911419753,34989.41549,47337,74.65509346,0.0009295054608445825,3.8066624897703196,Low
2021,January,Ukraine,1460,190.5,6.420061728,34023.71898,47337,291.2,0.030842681200752054,7.2868764117507,Low
2021,January,Belarus,30,190.5,6.420061728,34023.71898,47337,73.23585017,0.0006337537233031245,3.4339872044851463,Low
2021,January,China,27,190.5,6.420061728,34023.71898,47337,100.9,0.000570378350972812,3.332204510175204,Low
2021,January,Russia,20,190.5,6.420061728,34023.71898,47337,192.4401,0.00042250248220208295,3.044522437723423,Low
2021,January,Germany,19,190.5,6.420061728,34023.71898,47337,101.0,0.0004013773580919788,2.995732273553991,Low
2021,January,Netherlands,18,190.5,6.420061728,34023.71898,47337,107.62,0.00038025223398187465,2.9444389791664403,Low
2021,January,Canada,17,190.5,6.420061728,34023.71898,47337,138.2,0.0003591271098717705,2.8903717578961645,Low
2021,January,India,17,190.5,6.420061728,34023.71898,47337,156.3,0.0003591271098717705,2.8903717578961645,Low
2021,January,Maldives,17,190.5,6.420061728,34023.71898,47337,97.38818457,0.0003591271098717705,2.8903717578961645,Low
2021,January,United States,10,190.5,6.420061728,34023.71898,47337,119.9612025,0.00021125124110104148,2.3978952727983707,Low
2021,July,United Kingdom,342,199.0,5.130555556,35101.57614,47337,111.4,0.007224792445655618,5.8377304471659395,Low
2021,July,Maldives,249,199.0,5.130555556,35101.57614,47337,97.25957117,0.005260155903415932,5.521460917862246,Low
2021,July,United States,242,199.0,5.130555556,35101.57614,47337,125.1988599,0.005112280034645204,5.493061443340548,Low
2021,July,Germany,215,199.0,5.130555556,35101.57614,47337,103.4,0.004541901683672391,5.375278407684165,Low
2021,July,Canada,178,199.0,5.130555556,35101.57614,47337,142.3,0.003760272091598538,5.187385805840755,Low
2021,July,China,167,199.0,5.130555556,35101.57614,47337,100.5,0.0035278957263873926,5.123963979403259,Low
2021,July,France,147,199.0,5.130555556,35101.57614,47337,106.4,0.0031053932441853097,4.997212273764115,Low
2021,July,Switzerland,123,199.0,5.130555556,35101.57614,47337,101.023,0.00259839026554281,4.820281565605037,Low
2021,July,Pakistan,111,199.0,5.130555556,35101.57614,47337,146.7567069,0.0023448887762215604,4.718498871295094,Low
2021,July,Netherlands,72,199.0,5.130555556,35101.57614,47337,110.23,0.0015210089359274986,4.290459441148391,Low
2021,June,France,654,199.0,7.236728395,34271.71667,47337,106.34,0.013815831168008112,6.484635235635252,Low
2021,June,China,176,199.0,7.236728395,34271.71667,47337,100.2,0.00371802184337833,5.176149732573829,Low
2021,June,Germany,137,199.0,7.236728395,34271.71667,47337,102.9,0.0028941420030842682,4.927253685157205,Low
2021,June,United Kingdom,121,199.0,7.236728395,34271.71667,47337,111.4,0.002556140017322602,4.804021044733257,Low
2021,June,United States,118,199.0,7.236728395,34271.71667,47337,124.5994712,0.0024927646449922894,4.77912349311153,Low
2021,June,Canada,67,199.0,7.236728395,34271.71667,47337,141.4,0.0014153833153769779,4.219507705176107,Low
2021,June,Russia,33,199.0,7.236728395,34271.71667,47337,199.1713,0.0006971290956334368,3.5263605246161616,Low
2021,June,Norway,32,199.0,7.236728395,34271.71667,47337,115.3,0.0006760039715233327,3.4965075614664802,Low
2021,June,Switzerland,27,199.0,7.236728395,34271.71667,47337,101.1087,0.000570378350972812,3.332204510175204,Low
2021,June,Maldives,22,199.0,7.236728395,34271.71667,47337,94.61287292,0.00046475273042229125,3.1354942159291497,Low
2021,March,Kazakhstan,1514,198.5,7.672839506,34197.32213,47337,212.501,0.03198343790269768,7.323170717943469,Low
2021,March,Germany,502,198.5,7.672839506,34197.32213,47337,102.1,0.010604812303272282,6.220590170099739,Low
2021,March,United Kingdom,316,198.5,7.672839506,34197.32213,47337,109.7,0.00667553921879291,5.75890177387728,Low
2021,March,Ukraine,287,198.5,7.672839506,34197.32213,47337,299.1,0.00606291061959989,5.662960480135946,Low
2021,March,China,223,198.5,7.672839506,34197.32213,47337,101.0,0.004710902676553224,5.4116460518550396,Low
2021,March,Russia,197,198.5,7.672839506,34197.32213,47337,195.2211,0.0041616494496905165,5.288267030694535,Low
2021,March,India,183,198.5,7.672839506,34197.32213,47337,156.8,0.003865897712149059,5.214935757608986,Low
2021,March,United States,182,198.5,7.672839506,34197.32213,47337,121.4722857,0.0038447725880389545,5.209486152841421,Low
2021,March,Canada,120,198.5,7.672839506,34197.32213,47337,139.6,0.002535014893212498,4.795790545596741,Low
2021,March,Switzerland,84,198.5,7.672839506,34197.32213,47337,100.5577,0.0017745104252487483,4.442651256490317,Low
2021,May,China,237,197.0,6.311419753,32536.58935,47337,100.6,0.005006654414094683,5.472270673671475,Low
2021,May,Germany,222,197.0,6.311419753,32536.58935,47337,102.6,0.004689777552443121,5.407171771460119,Low
2021,May,United States,153,197.0,6.311419753,32536.58935,47337,123.4525155,0.0032321439888459346,5.0369526024136295,Low
2021,May,United Kingdom,149,197.0,6.311419753,32536.58935,47337,111.0,0.0031476434924055177,5.0106352940962555,Low
2021,May,Russia,94,197.0,6.311419753,32536.58935,47337,197.8064,0.00198576166634979,4.553876891600541,Low
2021,May,Maldives,73,197.0,6.311419753,32536.58935,47337,96.70748916,0.0015421340600376026,4.30406509320417,Low
2021,May,Canada,69,197.0,6.311419753,32536.58935,47337,141.0,0.0014576335635971861,4.248495242049359,Low
2021,May,Switzerland,45,197.0,6.311419753,32536.58935,47337,101.0339,0.0009506305849546866,3.828641396489095,Low
2021,May,India,39,197.0,6.311419753,32536.58935,47337,160.4,0.0008238798402940618,3.6888794541139363,Low
2021,May,Australia,34,197.0,6.311419753,32536.58935,47337,118.8,0.000718254219743541,3.5553480614894135,Low
2021,November,India,14236,202.5,10.30648148,31995.94481,47337,166.7,0.30073726683144264,9.563599488613745,Low
2021,November,United Kingdom,3770,202.5,10.30648148,31995.94481,47337,114.1,0.07964171789509264,8.235095497258357,Low
2021,November,Russia,3520,202.5,10.30648148,31995.94481,47337,205.5181,0.0743604368675666,8.166500319155052,Low
2021,November,Germany,2667,202.5,10.30648148,31995.94481,47337,104.5,0.05634070600164776,7.889084407035514,Low
2021,November,Pakistan,2612,202.5,10.30648148,31995.94481,47337,158.1834372,0.05517882417559203,7.868254265520613,Low
2021,November,Maldives,1464,202.5,10.30648148,31995.94481,47337,97.24015859,0.030927181697192472,7.289610521451167,Low
2021,November,France,1447,202.5,10.30648148,31995.94481,47337,107.64,0.0305680545873207,7.277938572945661,Low
2021,November,United States,1178,202.5,10.30648148,31995.94481,47337,127.4666312,0.024885396201702686,7.072421900537371,Low
2021,November,Canada,1161,202.5,10.30648148,31995.94481,47337,144.2,0.024526269091830914,7.057897937411856,Low
2021,November,Australia,940,202.5,10.30648148,31995.94481,47337,121.3,0.019857616663497897,6.846943139585379,Low
2021,October,India,8406,200.0,9.227777778,31056.49256,47337,165.5,0.17757779326953546,9.036819971135296,Low
2021,October,United Kingdom,2241,200.0,9.227777778,31056.49256,47337,113.4,0.04734140313074339,7.715123603632105,Low
2021,October,Pakistan,2042,200.0,9.227777778,31056.49256,47337,153.6101952,0.043137503432832666,7.622174594817622,Low
2021,October,Russia,1328,200.0,9.227777778,31056.49256,47337,203.5639,0.02805416481821831,7.192182058713246,Low
2021,October,Germany,1196,200.0,9.227777778,31056.49256,47337,104.3,0.02526564843568456,7.087573705557973,Low
2021,October,Maldives,963,200.0,9.227777778,31056.49256,47337,97.12746825,0.020343494518030292,6.871091294610546,Low
2021,October,Canada,688,200.0,9.227777778,31056.49256,47337,143.9,0.014534085387751652,6.535241271013659,Low
2021,October,France,624,200.0,9.227777778,31056.49256,47337,107.25,0.013182077444704988,6.437751649736401,Low
2021,October,United States,573,200.0,9.227777778,31056.49256,47337,126.8433954,0.012104696115089675,6.352629396319567,Low
2021,October,Indonesia,473,200.0,9.227777778,31056.49256,47337,96.21444,0.009992183704079262,6.161207321695077,Low
2021,September,India,8528,199.0,7.861728395,32265.64698,47337,163.2,0.18015505841096816,9.05122740031911,Low
2021,September,Pakistan,1225,199.0,7.861728395,32265.64698,47337,150.7415328,0.02587827703487758,7.111512116496157,Low
2021,September,Germany,466,199.0,7.861728395,32265.64698,47337,103.8,0.009844307835308532,6.1463292576688975,Low
2021,September,United Kingdom,309,199.0,7.861728395,32265.64698,47337,112.4,0.006527663350022182,5.736572297479192,Low
2021,September,Russia,304,199.0,7.861728395,32265.64698,47337,201.3291,0.00642203772947166,5.720311776607412,Low
2021,September,Canada,265,199.0,7.861728395,32265.64698,47337,142.9,0.005598157889177599,5.583496308781699,Low
2021,September,Indonesia,245,199.0,7.861728395,32265.64698,47337,96.09717,0.005175655406975516,5.5053315359323625,Low
2021,September,Bangladesh,235,199.0,7.861728395,32265.64698,47337,98.88029759,0.004964404165874474,5.4638318050256105,Low
2021,September,Spain,182,199.0,7.861728395,32265.64698,47337,100.575,0.0038447725880389545,5.209486152841421,Low
2021,September,France,181,199.0,7.861728395,32265.64698,47337,106.81,0.0038236474639288505,5.204006687076795,Low
2022,April,United Kingdom,11539,355.0,7.485493827,32326.95216,48120,119.0,0.2397963424771405,9.353574540062091,Low
2022,April,India,8678,355.0,7.485493827,32326.95216,48120,170.1,0.18034081463009144,9.068661593644245,Low
2022,April,Germany,6088,355.0,7.485493827,32326.95216,48120,108.8,0.12651704073150458,8.714239143608575,Low
2022,April,France,4035,355.0,7.485493827,32326.95216,48120,110.97,0.08385286783042394,8.3030093814735,Low
2022,April,Russia,3874,355.0,7.485493827,32326.95216,48120,231.4,0.08050706566916044,8.262300941787448,Low
2022,April,Australia,3508,355.0,7.485493827,32326.95216,48120,126.1,0.07290108063175395,8.163086375583216,Low
2022,April,Canada,2083,355.0,7.485493827,32326.95216,48120,149.8,0.04328761429758936,7.642044402873258,Low
2022,April,United States,1872,355.0,7.485493827,32326.95216,48120,132.5850529,0.03890274314214464,7.5352967024440884,Low
2022,April,Switzerland,1647,355.0,7.485493827,32326.95216,48120,103.3351,0.03422693266832918,7.4073177104694174,Low
2022,April,Netherlands,1575,355.0,7.485493827,32326.95216,48120,119.81,0.03273067331670823,7.362645270417825,Low
2022,August,United Kingdom,6776,357.88,4.955864198,31292.65691,48120,121.8,0.14081463009143808,8.821289805136113,Low
2022,August,India,5340,357.88,4.955864198,31292.65691,48120,174.3,0.11097256857855362,8.58316818033977,Low
2022,August,Germany,3251,357.88,4.955864198,31292.65691,48120,110.7,0.06756026600166251,8.087025470667701,Low
2022,August,France,2784,357.88,4.955864198,31292.65691,48120,113.38,0.05785536159600998,7.932003152361385,Low
2022,August,Canada,2581,357.88,4.955864198,31292.65691,48120,152.6,0.05363674147963425,7.856319571406588,Low
2022,August,Spain,2148,357.88,4.955864198,31292.65691,48120,110.265,0.04463840399002494,7.67275789664251,Low
2022,August,Australia,1898,357.88,4.955864198,31292.65691,48120,128.4,0.03944305901911887,7.549082710812286,Low
2022,August,Russia,1426,357.88,4.955864198,31292.65691,48120,228.7,0.029634247714048212,7.2633296174768365,Low
2022,August,United States,1105,357.88,4.955864198,31292.65691,48120,135.8236779,0.02296342477140482,7.00850518208228,Low
2022,August,Netherlands,1021,357.88,4.955864198,31292.65691,48120,123.95,0.021217788861180382,6.92951677076365,Low
2022,December,Russia,19963,367.5,6.940123457,34277.16401,48120,231.9,0.4148586866167914,9.9016859305895,Low
2022,December,India,17350,367.5,6.940123457,34277.16401,48120,175.7,0.36055694098088115,9.761405420601672,Low
2022,December,United Kingdom,7879,367.5,6.940123457,34277.16401,48120,125.3,0.16373649210307564,8.972083182851925,Low
2022,December,Australia,5158,367.5,6.940123457,34277.16401,48120,130.8,0.107190357439734,8.54849804124465,Low
2022,December,Germany,4984,367.5,6.940123457,34277.16401,48120,113.2,0.10357439733998337,8.514188682395938,Low
2022,December,United States,3638,367.5,6.940123457,34277.16401,48120,136.1107608,0.0756026600166251,8.19946419761216,Low
2022,December,Maldives,3444,367.5,6.940123457,34277.16401,48120,100.4900371,0.071571072319202,8.144679183447758,Low
2022,December,France,2665,367.5,6.940123457,34277.16401,48120,114.16,0.055382377389858684,7.888334500738654,Low
2022,December,Canada,2618,367.5,6.940123457,34277.16401,48120,153.1,0.05440565253532834,7.870547844507712,Low
2022,December,Israel,1457,367.5,6.940123457,34277.16401,48120,95.0,0.030278470490440565,7.284820912568604,Low
2022,February,Russia,15340,200.92,7.447530864,32247.28485,48120,211.7029,0.3187863674147963,9.638284261844774,Low
2022,February,India,12744,200.92,7.447530864,32247.28485,48120,166.1,0.26483790523690776,9.452894316810216,Low
2022,February,United Kingdom,10642,200.92,7.447530864,32247.28485,48120,115.4,0.2211554447215295,9.272657678041044,Low
2022,February,Germany,7780,200.92,7.447530864,32247.28485,48120,106.0,0.16167913549459684,8.95944014361693,Low
2022,February,France,5699,200.92,7.447530864,32247.28485,48120,108.94,0.11843308395677472,8.648221453822641,Low
2022,February,Ukraine,5288,200.92,7.447530864,32247.28485,48120,325.5,0.10989193682460516,8.57338447106598,Low
2022,February,Poland,4315,200.92,7.447530864,32247.28485,48120,148.7,0.08967165419783873,8.370084326378025,Low
2022,February,Kazakhstan,2821,200.92,7.447530864,32247.28485,48120,229.673,0.05862427265170407,7.945201132412759,Low
2022,February,Czech Republic,2055,200.92,7.447530864,32247.28485,48120,126.2,0.04270573566084788,7.628517626575055,Low
2022,February,Canada,1958,200.92,7.447530864,32247.28485,48120,146.8,0.040689941812136324,7.580189417944541,Low
2022,January,Russia,13478,201.2,7.84382716,31244.14444,48120,209.2546,0.28009143807148795,9.508888197738269,Low
2022,January,India,11751,201.2,7.84382716,31244.14444,48120,165.7,0.24420199501246884,9.371778717853713,Low
2022,January,Ukraine,7774,201.2,7.84382716,31244.14444,48120,320.4,0.1615544472152951,8.958668737047434,Low
2022,January,United Kingdom,7442,201.2,7.84382716,31244.14444,48120,114.6,0.15465502909393183,8.915029272359911,Low
2022,January,Germany,5339,201.2,7.84382716,31244.14444,48120,105.2,0.11095178719867,8.582980931954241,Low
2022,January,France,3616,201.2,7.84382716,31244.14444,48120,108.12,0.07514546965918537,8.193400231952097,Low
2022,January,Poland,3185,201.2,7.84382716,31244.14444,48120,149.1,0.0661886949293433,8.066521490469993,Low
2022,January,Australia,2814,201.2,7.84382716,31244.14444,48120,123.9,0.0584788029925187,7.942717540573791,Low
2022,January,Maldives,2401,201.2,7.84382716,31244.14444,48120,97.55655781,0.04989609310058188,7.784057002639929,Low
2022,January,Kazakhstan,2041,201.2,7.84382716,31244.14444,48120,227.85,0.04241479634247714,7.621684998724611,Low
2022,July,United Kingdom,9257,357.0,3.059259259,30562.54849,48120,121.2,0.19237323358270988,9.133243321591216,Low
2022,July,India,6031,357.0,3.059259259,30562.54849,48120,173.4,0.12533250207813798,8.704833909687792,Low
2022,July,Germany,3666,357.0,3.059259259,30562.54849,48120,110.3,0.07618453865336658,8.207129168071326,Low
2022,July,France,3567,357.0,3.059259259,30562.54849,48120,112.87,0.07412718204488777,8.1797604936999,Low
2022,July,Canada,3458,357.0,3.059259259,30562.54849,48120,153.1,0.07186201163757273,8.148734808937169,Low
2022,July,Switzerland,2207,357.0,3.059259259,30562.54849,48120,104.4916,0.04586450540315877,7.699842407396986,Low
2022,July,Netherlands,2053,357.0,3.059259259,30562.54849,48120,121.57,0.042664172901080634,7.627544390488503,Low
2022,July,Australia,1974,357.0,3.059259259,30562.54849,48120,128.4,0.04102244389027431,7.5883236773352225,Low
2022,July,Russia,1918,357.0,3.059259259,30562.54849,48120,229.9,0.03985868661679136,7.5595594960077,Low
2022,July,Spain,1499,357.0,3.059259259,30562.54849,48120,109.986,0.031151288445552785,7.313220387090301,Low
2022,June,India,6810,356.0,2.973148148,30689.01509,48120,172.6,0.1415211970074813,8.826294231241318,Low
2022,June,United Kingdom,3368,356.0,2.973148148,30689.01509,48120,120.5,0.06999168744804656,8.122371243406553,Low
2022,June,Australia,2511,356.0,2.973148148,30689.01509,48120,126.1,0.05218204488778055,7.828834527588089,Low
2022,June,Germany,2466,356.0,2.973148148,30689.01509,48120,109.8,0.05124688279301746,7.810758116529357,Low
2022,June,Canada,2308,356.0,2.973148148,30689.01509,48120,152.9,0.04796342477140482,7.744569809354496,Low
2022,June,France,1717,356.0,2.973148148,30689.01509,48120,112.55,0.035681629260182875,7.4489161025442,Low
2022,June,United States,1647,356.0,2.973148148,30689.01509,48120,135.8878818,0.03422693266832918,7.4073177104694174,Low
2022,June,Russia,1610,356.0,2.973148148,30689.01509,48120,230.8,0.03345802161263508,7.384610383176974,Low
2022,June,Maldives,1130,356.0,2.973148148,30689.01509,48120,99.5262474,0.02348295926849543,7.030857476116121,Low
2022,June,Spain,1027,356.0,2.973148148,30689.01509,48120,110.267,0.021342477140482128,6.93537044601511,Low
2022,March,India,23216,294.0,8.434567901,31563.2634,48120,167.7,0.4824605153782211,10.052640047938569,Low
2022,March,United Kingdom,12908,294.0,8.434567901,31563.2634,48120,116.5,0.2682460515378221,9.46568002150671,Low
2022,March,Germany,9561,294.0,8.434567901,31563.2634,48120,108.1,0.19869077306733168,9.165552189186048,Low
2022,March,Russia,8899,294.0,8.434567901,31563.2634,48120,227.82,0.1849334995843724,9.093806555720231,Low
2022,March,France,5741,294.0,8.434567901,31563.2634,48120,110.49,0.11930590191188695,8.655562860681009,Low
2022,March,Poland,3315,294.0,8.434567901,31563.2634,48120,153.6,0.06889027431421446,8.106514516255185,Low
2022,March,United States,3114,294.0,8.434567901,31563.2634,48120,131.8490017,0.06471321695760598,8.043984431221553,Low
2022,March,Canada,2989,294.0,8.434567901,31563.2634,48120,148.9,0.06211554447215295,8.003028666384733,Low
2022,March,Kazakhstan,2598,294.0,8.434567901,31563.2634,48120,238.171,0.05399002493765586,7.8628820346414905,Low
2022,March,Australia,2359,294.0,8.434567901,31563.2634,48120,123.9,0.04902327514546966,7.7664168980196555,Low
2022,May,India,5562,360.0,7.869135802,31726.73975,48120,171.7,0.11558603491271821,8.623892810075294,Low
2022,May,United Kingdom,3723,360.0,7.869135802,31726.73975,48120,119.7,0.07736907730673316,8.222553638396958,Low
2022,May,Russia,3202,360.0,7.869135802,31726.73975,48120,231.6,0.06654197838736492,8.071843149609158,Low
2022,May,Germany,2208,360.0,7.869135802,31726.73975,48120,109.8,0.04588528678304239,7.700295203420117,Low
2022,May,Canada,2013,360.0,7.869135802,31726.73975,48120,151.9,0.04183291770573566,7.607878073278507,Low
2022,May,Australia,1660,360.0,7.869135802,31726.73975,48120,126.1,0.03449709060681629,7.415175109613295,Low
2022,May,United States,1368,360.0,7.869135802,31726.73975,48120,134.0466074,0.028428927680798004,7.221835825288449,Low
2022,May,France,1076,360.0,7.869135802,31726.73975,48120,111.72,0.022360764754779716,6.981934677156389,Low
2022,May,Maldives,849,360.0,7.869135802,31726.73975,48120,99.08354377,0.017643391521197007,6.745236349484363,Low
2022,May,Spain,692,360.0,7.869135802,31726.73975,48120,108.262,0.014380714879467996,6.541029999189903,Low
2022,November,Russia,13820,368.5,5.821604938,33577.90969,48120,230.1,0.28719866999168747,9.533944453604027,Low
2022,November,India,10167,368.5,5.821604938,33577.90969,48120,176.5,0.21128428927680798,9.22700081286929,Low
2022,November,Germany,5169,368.5,5.821604938,33577.90969,48120,113.7,0.10741895261845387,8.550627967502475,Low
2022,November,United Kingdom,4506,368.5,5.821604938,33577.90969,48120,124.8,0.09364089775561098,8.413387022690648,Low
2022,November,Australia,2939,368.5,5.821604938,33577.90969,48120,130.8,0.06107647547797174,7.986164860332727,Low
2022,November,United States,2089,368.5,5.821604938,33577.90969,48120,136.5299201,0.043412302576891104,7.644919344958857,Low
2022,November,Canada,1994,368.5,5.821604938,33577.90969,48120,154.0,0.0414380714879468,7.598399329323964,Low
2022,November,France,1841,368.5,5.821604938,33577.90969,48120,114.26,0.03825852036575229,7.518607216815252,Low
2022,November,Maldives,1626,368.5,5.821604938,33577.90969,48120,100.0,0.03379052369077307,7.394493107219038,Low
2022,November,Switzerland,832,368.5,5.821604938,33577.90969,48120,104.6432,0.017290108063175394,6.725033642166843,Low
2022,October,India,8862,363.0,5.099074074,32748.63759,48120,176.7,0.1841645885286783,9.089640586738398,Low
2022,October,Russia,6189,363.0,5.099074074,32748.63759,48120,229.3,0.12861596009975063,8.730690365678642,Low
2022,October,United Kingdom,4275,363.0,5.099074074,32748.63759,48120,124.3,0.08884039900249377,8.360773272144936,Low
2022,October,Germany,2881,363.0,5.099074074,32748.63759,48120,113.5,0.05987115544472153,7.966239776559467,Low
2022,October,Australia,2106,363.0,5.099074074,32748.63759,48120,130.8,0.04376558603491272,7.653020413804189,Low
2022,October,Maldives,1943,363.0,5.099074074,32748.63759,48120,99.98126807,0.040378221113881965,7.572502985020384,Low
2022,October,Canada,1625,363.0,5.099074074,32748.63759,48120,153.8,0.033769742310889445,7.3938782901077555,Low
2022,October,France,1540,363.0,5.099074074,32748.63759,48120,113.9,0.03200332502078138,7.340186835320115,Low
2022,October,United States,1253,363.0,5.099074074,32748.63759,48120,136.6679584,0.026039068994181215,7.134093721192866,Low
2022,October,Switzerland,889,363.0,5.099074074,32748.63759,48120,104.6392,0.01847464671654198,6.7912214627261855,Low
2022,September,India,6493,365.5,5.333333333,32366.21022,48120,175.3,0.1349334995843724,8.77863395266279,Low
2022,September,United Kingdom,2872,365.5,5.333333333,32366.21022,48120,122.3,0.05968412302576891,7.96311205897929,Low
2022,September,Australia,2309,365.5,5.333333333,32366.21022,48120,128.4,0.04798420615128845,7.745002803515839,Low
2022,September,Germany,2149,365.5,5.333333333,32366.21022,48120,112.7,0.04465918536990856,7.673223121121708,Low
2022,September,Russia,1553,365.5,5.333333333,32366.21022,48120,228.8,0.0322734829592685,7.348587530927593,Low
2022,September,Canada,1552,365.5,5.333333333,32366.21022,48120,152.7,0.03225270157938487,7.347943823148687,Low
2022,September,Maldives,1314,365.5,5.333333333,32366.21022,48120,100.0542322,0.027306733167082296,7.181591944611865,Low
2022,September,France,1201,365.5,5.333333333,32366.21022,48120,112.74,0.02495843724023275,7.091742115095153,Low
2022,September,Spain,1091,365.5,5.333333333,32366.21022,48120,109.498,0.02267248545303408,6.9957661563048505,Low
2022,September,United States,991,365.5,5.333333333,32366.21022,48120,136.1158054,0.020594347464671654,6.899723107284872,Low
2023,April,India,19915,320.0,9.953395062,30336.32355,53229,178.1,0.3741381577711398,9.899278707762074,Low
2023,April,Russia,14656,320.0,9.953395062,30336.32355,53229,236.7,0.2753386311972797,9.5926733160273,Low
2023,April,United Kingdom,8743,320.0,9.953395062,30336.32355,53229,128.3,0.16425256908827895,9.076123029856374,Low
2023,April,Germany,7404,320.0,9.953395062,30336.32355,53229,116.6,0.1390971087189314,8.909910726701899,Low
2023,April,France,5535,320.0,9.953395062,30336.32355,53229,117.5,0.10398467001070845,8.619027497297505,Low
2023,April,China,5118,320.0,9.953395062,30336.32355,53229,103.0,0.09615059460068759,8.540714386457584,Low
2023,April,Australia,4996,320.0,9.953395062,30336.32355,53229,133.7,0.09385861090758797,8.516593011344206,Low
2023,April,United States,3940,320.0,9.953395062,30336.32355,53229,139.1219208,0.07401980123616825,8.279189777195004,Low
2023,April,Canada,3310,320.0,9.953395062,30336.32355,53229,156.4,0.06218414773901445,8.105005537547246,Low
2023,April,Japan,2318,320.0,9.953395062,30336.32355,53229,105.1,0.0435476901688929,7.7488913372555315,Low
2023,August,India,30593,318.5,6.029938272,33068.77707,53229,186.2,0.5747430911721054,10.32855919028321,Low
2023,August,United Kingdom,15035,318.5,6.029938272,33068.77707,53229,129.4,0.28245881004715473,9.618202604684068,Low
2023,August,China,9262,318.5,6.029938272,33068.77707,53229,103.2,0.17400289315974374,9.133783249254028,Low
2023,August,Germany,8472,318.5,6.029938272,33068.77707,53229,117.5,0.15916135940934453,9.044639916198465,Low
2023,August,Russia,6853,318.5,6.029938272,33068.77707,53229,240.5,0.12874560859681752,8.832587702434553,Low
2023,August,France,6223,318.5,6.029938272,33068.77707,53229,118.89,0.11690995509966372,8.736168065858228,Low
2023,August,Australia,5522,318.5,6.029938272,33068.77707,53229,135.3,0.10374044224013226,8.616676469901188,Low
2023,August,Italy,5110,318.5,6.029938272,33068.77707,53229,120.1,0.09600030058802532,8.53915035876828,Low
2023,August,Canada,4735,318.5,6.029938272,33068.77707,53229,158.7,0.0889552687444814,8.462948176563842,Low
2023,August,Spain,4455,318.5,6.029938272,33068.77707,53229,113.149,0.08369497830130192,8.40200678160712,Low
2023,December,India,43973,323.8,5.757407407,35063.0909,53229,185.7,0.8261098273497529,10.691353829153906,Low
2023,December,Russia,29657,323.8,5.757407407,35063.0909,53229,249.1,0.5571586916906198,10.297487182535015,Low
2023,December,United Kingdom,19265,323.8,5.757407407,35063.0909,53229,130.5,0.3619267692423303,9.86609716331757,Low
2023,December,Germany,13747,323.8,5.757407407,35063.0909,53229,117.4,0.25826147400852917,9.528648637969724,Low
2023,December,Australia,10847,323.8,5.757407407,35063.0909,53229,136.1,0.2037798944184561,9.291736010180177,Low
2023,December,China,8274,323.8,5.757407407,35063.0909,53229,102.9,0.15544158259595334,9.020994200245264,Low
2023,December,United States,8044,323.8,5.757407407,35063.0909,53229,140.6733607,0.15112062973191306,8.992806059426483,Low
2023,December,Maldives,5968,323.8,5.757407407,35063.0909,53229,102.5238031,0.11211933344605385,8.69433468816865,Low
2023,December,France,5509,323.8,5.757407407,35063.0909,53229,118.39,0.10349621446955606,8.61431990214696,Low
2023,December,Canada,3640,323.8,5.757407407,35063.0909,53229,158.3,0.0683837757613331,8.200013648175434,Low
2023,February,Russia,29084,362.0,8.924691358,28159.76772,53229,234.9,0.5463938830336846,10.277977856344862,Low
2023,February,India,13714,362.0,8.924691358,28159.76772,53229,176.8,0.2576415112062973,9.526245403371703,Low
2023,February,United Kingdom,8575,362.0,8.924691358,28159.76772,53229,126.0,0.16109639482237126,9.056722883310583,Low
2023,February,Germany,7930,362.0,8.924691358,28159.76772,53229,115.2,0.1489789400514757,8.97853441008332,Low
2023,February,France,6118,362.0,8.924691358,28159.76772,53229,115.78,0.11493734618347141,8.71915396346254,Low
2023,February,Australia,3113,362.0,8.924691358,28159.76772,53229,132.6,0.058483157677206035,8.043663352393944,Low
2023,February,Canada,3107,362.0,8.924691358,28159.76772,53229,154.5,0.05837043716770933,8.041734711487537,Low
2023,February,United States,2443,362.0,8.924691358,28159.76772,53229,137.9648759,0.045896034116740876,7.8013913202914855,Low
2023,February,Israel,2188,362.0,8.924691358,28159.76772,53229,95.7,0.041105412463131,7.691200097522863,Low
2023,February,Maldives,1818,362.0,8.924691358,28159.76772,53229,101.6780132,0.03415431437750099,7.506042178518122,Low
2023,January,Russia,25254,365.0,8.508641975,31970.14997,53229,233.9,0.4744406244716226,10.136779434902152,Low
2023,January,India,13759,365.0,8.508641975,31970.14997,53229,176.5,0.2584869150275226,9.529521111487334,Low
2023,January,United Kingdom,8483,365.0,8.508641975,31970.14997,53229,124.8,0.15936801367675515,9.045937315684574,Low
2023,January,Germany,8217,365.0,8.508641975,31970.14997,53229,114.3,0.15437073775573465,9.014082149443356,Low
2023,January,France,4840,365.0,8.508641975,31970.14997,53229,114.6,0.09092787766067369,8.484876589939695,Low
2023,January,Canada,3681,365.0,8.508641975,31970.14997,53229,153.9,0.06915403257622725,8.211211361793023,Low
2023,January,Australia,3668,365.0,8.508641975,31970.14997,53229,132.6,0.06890980480565105,8.207674424355282,Low
2023,January,United States,2636,365.0,8.508641975,31970.14997,53229,137.1990158,0.04952187717221815,7.877397186353287,Low
2023,January,Maldives,2203,365.0,8.508641975,31970.14997,53229,101.4508329,0.041387213736872756,7.698029170272805,Low
2023,January,Israel,1868,365.0,8.508641975,31970.14997,53229,95.2,0.03509365195664018,7.533158807455563,Low
2023,July,India,23461,317.0,6.427160494,33040.96778,53229,186.3,0.4407559788836912,10.063137370065666,Low
2023,July,United Kingdom,17482,317.0,6.427160494,33040.96778,53229,129.0,0.32842999117022675,9.76898425919765,Low
2023,July,China,10062,317.0,6.427160494,33040.96778,53229,102.9,0.1890322944259708,9.216620609933333,Low
2023,July,Germany,8013,317.0,6.427160494,33040.96778,53229,117.1,0.15053824043284675,8.98894529119609,Low
2023,July,Russia,8009,317.0,6.427160494,33040.96778,53229,239.8,0.15046309342651562,8.988446040062405,Low
2023,July,France,7432,317.0,6.427160494,33040.96778,53229,117.71,0.13962313776324936,8.913684824725294,Low
2023,July,Netherlands,6796,317.0,6.427160494,33040.96778,53229,127.13,0.12767476375659884,8.824236617346639,Low
2023,July,Maldives,6286,317.0,6.427160494,33040.96778,53229,102.041994,0.1180935204493791,8.74623928838306,Low
2023,July,Canada,5737,317.0,6.427160494,33040.96778,53229,158.1,0.10777959383043079,8.65486599654131,Low
2023,July,Australia,5323,317.0,6.427160494,33040.96778,53229,135.3,0.10000187867515828,8.579980179515003,Low
2023,June,India,26830,307.5,7.095061728,29418.79299,53229,181.0,0.5040485449660899,10.197313214435868,Low
2023,June,United Kingdom,7981,307.5,7.095061728,29418.79299,53229,129.4,0.14993706438219767,8.984944285608679,Low
2023,June,Russia,7968,307.5,7.095061728,29418.79299,53229,238.3,0.14969283661162147,8.983314293397749,Low
2023,June,Australia,6195,307.5,7.095061728,29418.79299,53229,133.7,0.11638392605534577,8.73165920153676,Low
2023,June,China,5105,307.5,7.095061728,29418.79299,53229,102.7,0.0959063668301114,8.53817159780143,Low
2023,June,Germany,5090,307.5,7.095061728,29418.79299,53229,116.8,0.09562456555636965,8.535229553902337,Low
2023,June,Canada,4509,307.5,7.095061728,29418.79299,53229,157.2,0.08470946288677225,8.414052432496725,Low
2023,June,Maldives,4080,307.5,7.095061728,29418.79299,53229,101.9811114,0.076649946457758,8.314097335405807,Low
2023,June,United States,3806,307.5,7.095061728,29418.79299,53229,139.9226344,0.07150237652407522,8.244596756382498,Low
2023,June,France,2895,307.5,7.095061728,29418.79299,53229,117.65,0.05438764583215916,7.971085753505607,Low
2023,March,Russia,25553,324.0,8.666358025,30726.10059,53229,235.8,0.480057863194875,10.14854913915127,Low
2023,March,India,18959,324.0,8.666358025,30726.10059,53229,177.2,0.35617802325799847,9.850086775809013,Low
2023,March,United Kingdom,11053,324.0,8.666358025,30726.10059,53229,126.8,0.20764996524450957,9.310547632393208,Low
2023,March,Germany,9702,324.0,8.666358025,30726.10059,53229,116.1,0.18226906385616862,9.1801903950253,Low
2023,March,France,5786,324.0,8.666358025,30726.10059,53229,116.79,0.10870014465798719,8.663369301573839,Low
2023,March,United States,5701,324.0,8.666358025,30726.10059,53229,138.4216404,0.10710327077345057,8.648572269472618,Low
2023,March,Australia,4725,324.0,8.666358025,30726.10059,53229,132.6,0.08876740122865355,8.460834457746854,Low
2023,March,Canada,4066,324.0,8.666358025,30726.10059,53229,155.3,0.07638693193559902,8.310660905907225,Low
2023,March,Iran,3738,324.0,8.666358025,30726.10059,53229,174.1,0.07022487741644592,8.226573474977114,Low
2023,March,China,3096,324.0,8.666358025,30726.10059,53229,103.2,0.05816378290029871,8.038189179973203,Low
2023,May,India,23016,290.0,7.934259259,29210.38019,53229,179.0,0.4323958744293524,10.043988352323694,Low
2023,May,Russia,7760,290.0,7.934259259,29210.38019,53229,237.4,0.14578519228240244,8.95686647085414,Low
2023,May,Germany,6854,290.0,7.934259259,29210.38019,53229,116.5,0.1287643953484003,8.832733591996416,Low
2023,May,United Kingdom,5987,290.0,7.934259259,29210.38019,53229,129.1,0.11247628172612674,8.69751274553952,Low
2023,May,Australia,4201,290.0,7.934259259,29210.38019,53229,133.7,0.07892314339927484,8.343315881404946,Low
2023,May,China,4173,290.0,7.934259259,29210.38019,53229,102.9,0.07839711435495689,8.336630087637147,Low
2023,May,Canada,3753,290.0,7.934259259,29210.38019,53229,157.0,0.07050667869018767,8.230577217146454,Low
2023,May,United States,3240,290.0,7.934259259,29210.38019,53229,139.4722903,0.06086907512821958,8.083637203141548,Low
2023,May,Maldives,2438,290.0,7.934259259,29210.38019,53229,101.8753433,0.04580210035882695,7.79934339821592,Low
2023,May,France,2414,290.0,7.934259259,29210.38019,53229,117.44,0.045351218320840145,7.789454566086673,Low
2023,November,India,30335,327.75,5.691358025,34373.94068,53229,186.3,0.5698961092637472,10.320090405054748,Low
2023,November,Russia,24912,327.75,5.691358025,34373.94068,53229,247.3,0.46801555543031054,10.123145034565505,Low
2023,November,Germany,12331,327.75,5.691358025,34373.94068,53229,117.3,0.2316594337673073,9.419952789006041,Low
2023,November,United Kingdom,11526,327.75,5.691358025,34373.94068,53229,130.0,0.21653609874316632,9.352447388601012,Low
2023,November,Australia,7900,327.75,5.691358025,34373.94068,53229,136.1,0.1484153375039922,8.974744612722734,Low
2023,November,China,6673,327.75,5.691358025,34373.94068,53229,102.8,0.12536399331191644,8.80597465931132,Low
2023,November,United States,4299,327.75,5.691358025,34373.94068,53229,140.8132333,0.08076424505438765,8.366370301681654,Low
2023,November,France,3882,327.75,5.691358025,34373.94068,53229,118.23,0.0729301696443668,8.264363329731667,Low
2023,November,Poland,3343,327.75,5.691358025,34373.94068,53229,181.3,0.06280411054124631,8.114922974204593,Low
2023,November,Japan,2875,327.75,5.691358025,34373.94068,53229,106.9,0.054011910800503486,7.964155718840937,Low
2023,October,India,28222,327.5,7.309876543,32046.90815,53229,185.3,0.530199703169325,10.247892527339829,Low
2023,October,Russia,10629,327.5,7.309876543,32046.90815,53229,244.6,0.19968438257340923,9.271435471335993,Low
2023,October,United Kingdom,8454,327.5,7.309876543,32046.90815,53229,130.2,0.15882319788085442,9.042513261332681,Low
2023,October,Germany,7548,327.5,7.309876543,32046.90815,53229,117.8,0.1418024009468523,8.929170383139624,Low
2023,October,China,6211,327.5,7.309876543,32046.90815,53229,103.3,0.1166845140806703,8.734238184268579,Low
2023,October,Australia,4977,327.5,7.309876543,32046.90815,53229,136.1,0.09350166262751508,8.512783482927537,Low
2023,October,Maldives,3862,327.5,7.309876543,32046.90815,53229,102.6252342,0.07255443461271112,8.259199362666282,Low
2023,October,France,2956,327.5,7.309876543,32046.90815,53229,118.43,0.055533637678708975,7.9919305198524775,Low
2023,October,United States,2651,327.5,7.309876543,32046.90815,53229,141.0975646,0.04980367844595991,7.883069351305753,Low
2023,October,Spain,2488,327.5,7.309876543,32046.90815,53229,113.676,0.046741437937966146,7.819636302367592,Low
2023,September,India,30063,323.75,6.17962963,34895.80031,53229,184.1,0.56478611283323,10.311083721653247,Low
2023,September,China,8445,323.75,6.17962963,34895.80031,53229,103.4,0.15865411711660937,9.041448235493888,Low
2023,September,United Kingdom,7504,323.75,6.17962963,34895.80031,53229,130.1,0.1409757838772098,8.923324744067562,Low
2023,September,Germany,7231,323.75,6.17962963,34895.80031,53229,117.8,0.1358470006951098,8.886270902072013,Low
2023,September,Russia,7163,323.75,6.17962963,34895.80031,53229,242.6,0.13456950158748052,8.876823763180603,Low
2023,September,Australia,5969,323.75,6.17962963,34895.80031,53229,135.3,0.11213812019763662,8.694502206386648,Low
2023,September,Israel,4162,323.75,6.17962963,34895.80031,53229,97.7,0.07819046008754627,8.333991247194975,Low
2023,September,Netherlands,3177,323.75,6.17962963,34895.80031,53229,127.16,0.059685509778504196,8.064007347096661,Low
2023,September,France,2661,323.75,6.17962963,34895.80031,53229,118.26,0.049991545961787745,7.8868329989550565,Low
2023,September,Canada,2426,323.75,6.17962963,34895.80031,53229,158.5,0.04557665933983355,7.794411205726601,Low
2024,April,India,27304,297.25,2.304320988,38963.96389,55455,186.7,0.4923631773510053,10.214825114586255,Low
2024,April,Russia,15103,297.25,2.304320988,38963.96389,55455,255.2,0.27234694797583625,9.622714888385282,Low
2024,April,United Kingdom,13173,297.25,2.304320988,38963.96389,55455,132.2,0.23754395455774951,9.486000469200638,Low
2024,April,Germany,9843,297.25,2.304320988,38963.96389,55455,119.2,0.17749526643224237,9.194617411510947,Low
2024,April,France,8792,297.25,2.304320988,38963.96389,55455,120.07,0.1585429627626003,9.081711229379001,Low
2024,April,China,8518,297.25,2.304320988,38963.96389,55455,103.2,0.1536020196555766,9.05005424204284,Low
2024,April,Australia,7202,297.25,2.304320988,38963.96389,55455,138.8,0.12987106663060138,8.882252884889363,Low
2024,April,United States,5574,297.25,2.304320988,38963.96389,55455,143.79275,0.10051393021368678,8.62604759632832,Low
2024,April,Canada,3594,297.25,2.304320988,38963.96389,55455,160.6,0.06480930484176359,8.187299270155147,Low
2024,April,Netherlands,3437,297.25,2.304320988,38963.96389,55455,129.42,0.061978180506717155,8.142645185942795,Low
2024,August,India,33031,299.0,4.669753086,34114.20907,55455,193.0,0.5956361013434316,10.405232067565926,Low
2024,August,United Kingdom,17587,299.0,4.669753086,34114.20907,55455,133.4,0.3171400234424308,9.7749721303007,Low
2024,August,China,11333,299.0,4.669753086,34114.20907,55455,103.8,0.2043638986565684,9.335562336729565,Low
2024,August,Germany,10623,299.0,4.669753086,34114.20907,55455,119.7,0.1915607249120909,9.270870871716214,Low
2024,August,Italy,9586,299.0,4.669753086,34114.20907,55455,121.4,0.17286087818952303,9.168163293076997,Low
2024,August,France,8596,299.0,4.669753086,34114.20907,55455,121.06,0.15500856550356146,9.059168584174444,Low
2024,August,Spain,7262,299.0,4.669753086,34114.20907,55455,115.707,0.1309530249752051,8.890548245606167,Low
2024,August,Australia,6687,299.0,4.669753086,34114.20907,55455,139.1,0.12058425750608602,8.808070154764538,Low
2024,August,Netherlands,5355,299.0,4.669753086,34114.20907,55455,132.24,0.09656478225588315,8.585972706811063,Low
2024,August,Russia,4351,299.0,4.669753086,34114.20907,55455,262.4,0.07846001262284735,8.378390788535778,Low
2024,December,India,52881,293.0,8.215555556,33284.20741,55455,195.4,0.9535839870164998,10.875818295292955,Low
2024,December,Russia,35268,293.0,8.215555556,33284.20741,55455,272.8,0.6359751149580741,10.470759670120469,Low
2024,December,United Kingdom,18757,293.0,8.215555556,33284.20741,55455,135.1,0.3382382111622036,9.839375607068884,Low
2024,December,Germany,14703,293.0,8.215555556,33284.20741,55455,120.5,0.26513389234514473,9.595874844595468,Low
2024,December,Australia,13109,293.0,8.215555556,33284.20741,55455,139.4,0.23638986565683887,9.481130576757746,Low
2024,December,China,9924,293.0,8.215555556,33284.20741,55455,103.0,0.1789559101974574,9.202812105555392,Low
2024,December,United States,8212,293.0,8.215555556,33284.20741,55455,144.7360878,0.14808403209809756,9.013473543740192,Low
2024,December,Maldives,6903,293.0,8.215555556,33284.20741,55455,107.4460219,0.12447930754665945,8.839856232763264,Low
2024,December,France,6332,293.0,8.215555556,33284.20741,55455,119.95,0.11418267063384727,8.753529336516431,Low
2024,December,Poland,6233,293.0,8.215555556,33284.20741,55455,190.0,0.11239743936525111,8.737773460327283,Low
2024,February,Russia,32030,309.5,5.719135802,32260.59167,55455,253.0,0.577585429627626,10.374459462846412,Low
2024,February,India,30027,309.5,5.719135802,32260.59167,55455,185.8,0.5414660535569381,10.309885558692892,Low
2024,February,United Kingdom,20614,309.5,5.719135802,32260.59167,55455,130.8,0.37172482192768913,9.933774245141,Low
2024,February,Germany,16259,309.5,5.719135802,32260.59167,55455,118.1,0.29319267874853483,9.696463383101802,Low
2024,February,China,14836,309.5,5.719135802,32260.59167,55455,104.2,0.26753223334234966,9.604879339950793,Low
2024,February,France,12503,309.5,5.719135802,32260.59167,55455,119.21,0.2254620863763412,9.433803872101313,Low
2024,February,Poland,6909,309.5,5.719135802,32260.59167,55455,182.7,0.12458750338111983,8.840724916761715,Low
2024,February,Australia,6265,309.5,5.719135802,32260.59167,55455,137.4,0.11297448381570643,8.742893471512136,Low
2024,February,United States,5709,309.5,5.719135802,32260.59167,55455,142.3151445,0.10294833648904517,8.649974302650056,Low
2024,February,Netherlands,4011,309.5,5.719135802,32260.59167,55455,127.95,0.07232891533675953,8.297045149081827,Low
2024,January,India,34399,315.7,7.672839506,33462.04969,55455,185.5,0.6203047516003967,10.44581184336149,Low
2024,January,Russia,31159,315.7,7.672839506,33462.04969,55455,251.3,0.5618790009917951,10.346890499984685,Low
2024,January,United Kingdom,16665,315.7,7.672839506,33462.04969,55455,130.0,0.3005139302136868,9.721125994942152,Low
2024,January,Germany,13593,315.7,7.672839506,33462.04969,55455,117.6,0.24511766296997567,9.517383797906584,Low
2024,January,China,11511,315.7,7.672839506,33462.04969,55455,103.1,0.20757370841222614,9.351145248567203,Low
2024,January,France,9919,315.7,7.672839506,33462.04969,55455,118.19,0.17886574700207375,9.20230820027892,Low
2024,January,Poland,7800,315.7,7.672839506,33462.04969,55455,182.2,0.14065458479848525,8.962007209588313,Low
2024,January,Australia,6645,315.7,7.672839506,33462.04969,55455,137.4,0.11982688666486341,8.801770448914539,Low
2024,January,United States,5712,315.7,7.672839506,33462.04969,55455,141.4396793,0.10300243440627536,8.650499558724462,Low
2024,January,Netherlands,4531,315.7,7.672839506,33462.04969,55455,127.11,0.08170588765665855,8.418918622147897,Low
2024,July,India,41173,302.25,3.148765432,36924.60444,55455,193.0,0.7424578487061582,10.625562268169254,Low
2024,July,United Kingdom,20837,302.25,3.148765432,36924.60444,55455,132.9,0.3757461004417997,9.94453352197213,Low
2024,July,China,13040,302.25,3.148765432,36924.60444,55455,103.4,0.2351456135605446,9.475853519656901,Low
2024,July,Netherlands,11431,302.25,3.148765432,36924.60444,55455,131.82,0.2061310972860878,9.344171719609703,Low
2024,July,Germany,10618,302.25,3.148765432,36924.60444,55455,119.8,0.19147056171670723,9.270400128403846,Low
2024,July,France,9405,302.25,3.148765432,36924.60444,55455,120.42,0.1695969705166351,9.149103062504993,Low
2024,July,Australia,7371,302.25,3.148765432,36924.60444,55455,139.1,0.13291858263456857,8.905444318789714,Low
2024,July,Switzerland,5089,302.25,3.148765432,36924.60444,55455,107.539,0.09176810026147326,8.53503310954457,Low
2024,July,United States,4962,302.25,3.148765432,36924.60444,55455,144.2476801,0.0894779550987287,8.50976567558744,Low
2024,July,Canada,4821,302.25,3.148765432,36924.60444,55455,162.1,0.08693535298890993,8.480944058741116,Low
2024,June,India,28631,305.9,2.397530864,37813.53586,55455,190.2,0.5162924894058245,10.262280252445862,Low
2024,June,United Kingdom,9266,305.9,2.397530864,37813.53586,55455,133.0,0.16709043368496979,9.134214981586691,Low
2024,June,China,8575,305.9,2.397530864,37813.53586,55455,102.9,0.15462988008295014,9.056722883310583,Low
2024,June,Australia,6317,305.9,2.397530864,37813.53586,55455,138.8,0.11391218104769633,8.75115798136203,Low
2024,June,Maldives,5109,305.9,2.397530864,37813.53586,55455,103.4058817,0.09212875304300784,8.53895468319775,Low
2024,June,Germany,4556,305.9,2.397530864,37813.53586,55455,119.4,0.08215670363357677,8.424419791263883,Low
2024,June,Bangladesh,4374,305.9,2.397530864,37813.53586,55455,123.38,0.07887476332161211,8.383661798791715,Low
2024,June,United States,4023,305.9,2.397530864,37813.53586,55455,144.0802915,0.07254530700568028,8.300031711779575,Low
2024,June,Russia,3412,305.9,2.397530864,37813.53586,55455,258.8,0.061527364529798935,8.135346948906706,Low
2024,June,Canada,3263,305.9,2.397530864,37813.53586,55455,161.4,0.05884050130736633,8.090708716083997,Low
2024,March,India,31853,300.3,2.075308642,37584.72049,55455,185.8,0.574393652511045,10.368918241811727,Low
2024,March,Russia,28016,300.3,2.075308642,37584.72049,55455,254.0,0.5052024163736363,10.240566747777828,Low
2024,March,United Kingdom,21540,300.3,2.075308642,37584.72049,55455,131.6,0.38842304571274006,9.977713374888099,Low
2024,March,Germany,18324,300.3,2.075308642,37584.72049,55455,118.6,0.33043007844197997,9.816021526754852,Low
2024,March,China,12865,300.3,2.075308642,37584.72049,55455,103.3,0.23198990172211703,9.462343451970945,Low
2024,March,France,10960,300.3,2.075308642,37584.72049,55455,119.47,0.19763772428094853,9.302098797215724,Low
2024,March,Australia,8852,300.3,2.075308642,37584.72049,55455,137.4,0.15962492110720403,9.08851166361105,Low
2024,March,United States,7617,300.3,2.075308642,37584.72049,55455,143.2350938,0.13735461184744388,8.938269147038548,Low
2024,March,Poland,4789,300.3,2.075308642,37584.72049,55455,183.1,0.08635830853845461,8.474285690404962,Low
2024,March,Canada,4034,300.3,2.075308642,37584.72049,55455,159.8,0.0727436660355243,8.302761580704049,Low
2024,May,India,32254,301.8,2.502469136,38840.00031,55455,187.7,0.5816247407808133,10.381428348966342,Low
2024,May,United Kingdom,8094,301.8,2.502469136,38840.00031,55455,132.7,0.14595618068704355,8.999001866111735,Low
2024,May,Maldives,8040,301.8,2.502469136,38840.00031,55455,102.6575979,0.1449824181769002,8.99230873254815,Low
2024,May,China,7511,301.8,2.502469136,38840.00031,55455,103.2,0.1354431521053106,8.9242570208881,Low
2024,May,Germany,7495,301.8,2.502469136,38840.00031,55455,119.3,0.13515462988008295,8.922124823918258,Low
2024,May,Australia,5465,301.8,2.502469136,38840.00031,55455,138.8,0.09854837255432332,8.606302366488013,Low
2024,May,Russia,4384,301.8,2.502469136,38840.00031,55455,257.1,0.0790550897123794,8.385944904806284,Low
2024,May,United States,4082,301.8,2.502469136,38840.00031,55455,144.03168,0.07360923271120728,8.314587291319576,Low
2024,May,France,4064,301.8,2.502469136,38840.00031,55455,120.11,0.07328464520782617,8.310169021981912,Low
2024,May,Canada,3294,301.8,2.502469136,38840.00031,55455,161.5,0.05939951311874493,8.100161446936607,Low
2024,November,India,41120,290.6,6.294074074,35606.69074,55455,196.5,0.7415021188350915,10.62427421889949,Low
2024,November,Russia,29053,290.6,6.294074074,35606.69074,55455,269.3,0.5239022630962041,10.276911446432829,Low
2024,November,United Kingdom,12912,290.6,6.294074074,35606.69074,55455,134.6,0.2328374357587233,9.465989834846651,Low
2024,November,Germany,12593,290.6,6.294074074,35606.69074,55455,119.9,0.22708502389324678,9.440975789048688,Low
2024,November,China,8371,290.6,6.294074074,35606.69074,55455,103.0,0.15095122171129746,9.03264808356589,Low
2024,November,Australia,7937,290.6,6.294074074,35606.69074,55455,139.4,0.14312505635199713,8.97941663334301,Low
2024,November,France,6665,290.6,6.294074074,35606.69074,55455,119.72,0.12018753944639798,8.804775258867686,Low
2024,November,Poland,5164,290.6,6.294074074,35606.69074,55455,190.0,0.09312054819222794,8.549660381553739,Low
2024,November,United States,4472,290.6,6.294074074,35606.69074,55455,144.6847248,0.08064196195113155,8.405814603432848,Low
2024,November,Spain,3655,290.6,6.294074074,35606.69074,55455,116.01,0.06590929582544405,8.204124932574041,Low
2024,October,India,36417,292.9,6.332592593,30060.81037,55455,196.8,0.6566946172572355,10.502818436891788,Low
2024,October,Russia,10367,292.9,6.332592593,30060.81037,55455,265.4,0.1869443693084483,9.246479418592056,Low
2024,October,United Kingdom,10206,292.9,6.332592593,30060.81037,55455,134.3,0.18404111441709495,9.230829038403499,Low
2024,October,Germany,9217,292.9,6.332592593,30060.81037,55455,120.2,0.16620683437021008,9.128913373280454,Low
2024,October,China,8307,292.9,6.332592593,30060.81037,55455,103.6,0.1497971328103868,9.024974184996003,Low
2024,October,Australia,6523,292.9,6.332592593,30060.81037,55455,139.4,0.11762690469750248,8.783242963740905,Low
2024,October,France,4688,292.9,6.332592593,30060.81037,55455,119.89,0.08453701199170499,8.452974619089586,Low
2024,October,Bangladesh,3732,292.9,6.332592593,30060.81037,55455,133.32,0.06729780903435217,8.224967478914584,Low
2024,October,Spain,3458,292.9,6.332592593,30060.81037,55455,115.726,0.06235686592732846,8.148734808937169,Low
2024,October,United States,3170,292.9,6.332592593,30060.81037,55455,144.7631452,0.05716346587323055,8.061802274538348,Low
2024,September,India,27884,296.0,6.226666667,31047.71911,55455,194.2,0.5028221080155081,10.235844188823654,Low
2024,September,China,9078,296.0,6.226666667,31047.71911,55455,103.8,0.16370029753854476,9.113719333371757,Low
2024,September,United Kingdom,8688,296.0,6.226666667,31047.71911,55455,133.5,0.1566675682986205,9.069813136839207,Low
2024,September,Germany,8260,296.0,6.226666667,31047.71911,55455,119.7,0.14894959877378056,9.019300924562506,Low
2024,September,Australia,7200,296.0,6.226666667,31047.71911,55455,139.1,0.12983500135244794,8.881975184248867,Low
2024,September,Maldives,4359,296.0,6.226666667,31047.71911,55455,103.870556,0.07860427373546118,8.38022733634308,Low
2024,September,Russia,4199,296.0,6.226666667,31047.71911,55455,263.5,0.07571905148318456,8.34283980427146,Low
2024,September,Bangladesh,4178,296.0,6.226666667,31047.71911,55455,130.61,0.07534036606257326,8.337827262447915,Low
2024,September,Spain,4166,296.0,6.226666667,31047.71911,55455,115.009,0.07512397439365251,8.334951631422454,Low
2024,September,France,3749,296.0,6.226666667,31047.71911,55455,119.56,0.06760436389865657,8.229511118964457,Low
